<?xml version="1.0" encoding="UTF-8"?><!--  
Copyright 2012 - 2014 Brian R. D'Urso

This file is part of Python Instrument Control System, also known as Pythics. 

Pythics is free software: you can redistribute it and/or modify it under the terms of the GNU General Public License as published by the Free Software Foundation, either version 3 of the License, or (at your option) any later version. 

Pythics is distributed in the hope that it will be useful, but WITHOUT ANY WARRANTY; without even the implied warranty of MERCHANTABILITY or FITNESS FOR A PARTICULAR PURPOSE. See the GNU General Public License for more details. You should have received a copy of the GNU General Public License along with Pythics. If not, see <http://www.gnu.org/licenses/>.
--><html>
  <head>
    <title>Pythics Global Controls Test</title>
    <style type="text/css">
      body {background-color: #eeeeee; margin: 10px; padding: 5px}
      a {align: left; color: black; font-size: 8pt; font-family: default; font-style: normal; font-weight: normal}
      p {align: left; color: black; font-size: 8pt; font-family: default; font-style: normal; font-weight: normal}
      h1 {align: center; font-size: 22pt; font-family: default; font-style: normal; font-weight: bold}
      h2 {align: left; font-size: 18pt; font-family: default; font-style: normal; font-weight: normal}
      h3 {align: left; font-size: 14pt; font-family: default; font-style: normal; font-weight: normal}
      h4 {align: left; font-size: 12pt; font-family: default; font-style: normal; font-weight: normal}
      h5 {align: left; font-size: 10pt; font-family: default; font-style: normal; font-weight: normal}
      h6 {align: left; font-size: 8pt; font-family: default; font-style: normal; font-weight: normal}
      object {align: left}
      table {align: center; cell-horizontal-gap: 10; cell-vertical-gap: 5}
    </style>
  </head>
  
  <body>
    <h1>Python Instrument Control System Test: Global Controls</h1>
    
    <hr/>
    
    <h3>GlobalNamespace</h3>
    <object classid="GlobalNamespace" id="globals" width="100%">
        </object>
    <br/>
    <object classid="TextBox" id="global_namespace_result" width="100">
        </object>
    <object classid="Button" width="200">
      <param name="actions" value="{'clicked': 'help.test_global_store'}"/>
      <param name="label" value="'Store in Global'"/>
    </object>
    <object classid="Button" width="200">
      <param name="actions" value="{'clicked': 'help.test_global_retrieve'}"/>
      <param name="label" value="'Retrieve from Global'"/>
    </object>
    
    <hr/>
    
    <h3>GlobalAction</h3>
    <object classid="GlobalAction" id="test_global_action" width="100%">
      <param name="actions" value="{'triggered': 'help.test_global_action'}"/>
    </object>
    <br/>
    <object classid="TextBox" id="global_action_result" width="100"/>
    
    <hr/>
    
    <h3>ScriptLoader</h3>
    <object classid="ScriptLoader" width="100%">
      <param name="filename" value="'help'"/>
    </object>
    
  </body>
</html>