<?xml version="1.0" encoding="UTF-8"?><!--  
Copyright 2012 - 2014 Brian R. D'Urso

This file is part of Python Instrument Control System, also known as Pythics. 

Pythics is free software: you can redistribute it and/or modify it under the terms of the GNU General Public License as published by the Free Software Foundation, either version 3 of the License, or (at your option) any later version. 

Pythics is distributed in the hope that it will be useful, but WITHOUT ANY WARRANTY; without even the implied warranty of MERCHANTABILITY or FITNESS FOR A PARTICULAR PURPOSE. See the GNU General Public License for more details. You should have received a copy of the GNU General Public License along with Pythics. If not, see <http://www.gnu.org/licenses/>.
--><html>
  <head>
    <title>Curve Fitting</title>
    <style type="text/css">
      body {background-color: #eeeeee; margin: 10px; padding: 5px}
      a {align: left; color: black; font-size: 8pt; font-family: default; font-style: normal; font-weight: normal}
      p {align: left; color: black; font-size: 16pt; font-family: default; font-style: normal; font-weight: normal}
      h1 {align: center; font-size: 18pt; font-family: default; font-style: normal; font-weight: bold}
      h2 {align: left; font-size: 16pt; font-family: default; font-style: normal; font-weight: normal}
      h3 {align: left; font-size: 14pt; font-family: default; font-style: normal; font-weight: normal}
      h4 {align: left; font-size: 12pt; font-family: default; font-style: normal; font-weight: normal}
      h5 {align: left; font-size: 10pt; font-family: default; font-style: normal; font-weight: normal}
      h6 {align: left; font-size: 8pt; font-family: default; font-style: normal; font-weight: normal}
      object {align: left}
      table {align: center}
      .compact {padding: 0px}
    </style></head>
  
  <body>
    
    <h1>Curve Fitting</h1>
    <object classid="mpl.Plot2D" height="400" id="plot" width="100%">
            </object>
    
    <br/>
    
    <table width="100%">
      <tr>
        <td width="25%">
          <object classid="Button" width="100%">
            <param name="label" value="Load"/>
            <param name="actions" value="{'clicked': 'fitting.load'}"/>
          </object></td>
        <td width="25%">
          <object classid="Button" width="100%">
            <param name="label" value="Plot Guess"/>
            <param name="actions" value="{'clicked': 'fitting.plot_guess'}"/>
          </object></td>
        <td width="25%">
          <object classid="Button" width="100%">
            <param name="label" value="Fit Data"/>
            <param name="actions" value="{'clicked': 'fitting.run'}"/>
          </object></td>
        <td width="25%">
          <object classid="Button" width="100%">
            <param name="label" value="Clear"/>
            <param name="actions" value="{'clicked': 'fitting.clear'}"/>
          </object></td>
      </tr>
    </table>
    <hr/>
    
    <object classid="FilePicker" id="file_picker" width="100%">
      <param name="label" value="Load file"/>
      <param name="save" value="True"/>
      <param name="type" value="'open'"/>
    </object> 
    
    <hr/>
    
    <h6>fit type</h6>
    <object classid="ChoiceButton" id="fit_type" width="100%">
      <param name="choices" value="['linear', 'nonlinear']"/>
    </object>
    
    <h6>initial guess p0[]</h6>
    <object classid="TextBox" id="initial_guess" width="100%">
            </object>
    
    <br/>
    
    <p>f(x, p[]) = </p>
    <object classid="TextBox" id="function" width="100%">
            </object>
    
    <hr/>
    
    <object classid="TextIOBox" height="100" id="messages" width="100%">
            </object>
    
    <hr/>
    
    <object classid="Shell" height="200" id="shell" width="100%">
            </object>
    
    <object classid="ScriptLoader" width="0%">
      <param name="filename" value="fitting"/>
      <param name="label" value=""/>
      <param name="actions" value="{'initialized': 'fitting.initialize'}"/>
    </object>
    
    <br/>
    
    <object classid="ParameterLoader" width="0%">
      <param name="filename" value="fitting_defaults.txt"/>
      <param name="label" value=""/>
    </object>
    
  </body>
</html>