<!--                                                                        -->
<!-- Copyright 2008 - 2013 Brian R. D'Urso                                  -->
<!--                                                                        -->
<!-- This file is part of Python Instrument Control System,                 -->
<!-- also known as Pythics.                                                 -->
<!--                                                                        -->
<!-- Pythics is free software: you can redistribute it and/or modify        -->
<!-- it under the terms of the GNU General Public License as published by   -->
<!-- the Free Software Foundation, either version 3 of the License, or      -->
<!-- (at your option) any later version.                                    -->
<!--                                                                        -->
<!-- Pythics is distributed in the hope that it will be useful,             -->
<!-- but WITHOUT ANY WARRANTY; without even the implied warranty of         -->
<!-- MERCHANTABILITY or FITNESS FOR A PARTICULAR PURPOSE.  See the          -->
<!-- GNU General Public License for more details.                           -->
<!--                                                                        -->
<!-- You should have received a copy of the GNU General Public License      -->
<!-- along with Pythics.  If not, see <http://www.gnu.org/licenses/>.       -->
<!--                                                                        -->

<html>
<head><title>Hello World</title></head>
<body>

<h1>Hello World</h1>

<object classid='Button' width='200'>
    <param name='label' value='Run'/>
    <param name='actions' value="{'clicked': 'hello_world.run'}"/>
</object>
<br/>

<object classid='TextBox' id='result' width='200'>
</object>
<br/>

<object classid='ScriptLoader' width='100%'>
    <param name='filename' value='hello_world'/>
</object>

</body>
</html>
