<?xml version="1.0" encoding="UTF-8"?><!--  
Copyright 2012 - 2014 Brian R. D'Urso

This file is part of Python Instrument Control System, also known as Pythics. 

Pythics is free software: you can redistribute it and/or modify it under the terms of the GNU General Public License as published by the Free Software Foundation, either version 3 of the License, or (at your option) any later version. 

Pythics is distributed in the hope that it will be useful, but WITHOUT ANY WARRANTY; without even the implied warranty of MERCHANTABILITY or FITNESS FOR A PARTICULAR PURPOSE. See the GNU General Public License for more details. You should have received a copy of the GNU General Public License along with Pythics. If not, see <http://www.gnu.org/licenses/>.
--><html>
  <head>
    <title>Integration Error</title>
    <style type="text/css">
      body {background-color: #eeeeee; margin: 10px; padding: 5px}
      a {align: left; color: black; font-size: 8pt; font-family: default; font-style: normal; font-weight: normal}
      p {align: left; color: black; font-size: 16pt; font-family: default; font-style: normal; font-weight: normal}
      h1 {align: center; font-size: 18pt; font-family: default; font-style: normal; font-weight: bold}
      h2 {align: left; font-size: 16pt; font-family: default; font-style: normal; font-weight: normal}
      h3 {align: left; font-size: 14pt; font-family: default; font-style: normal; font-weight: normal}
      h4 {align: left; font-size: 12pt; font-family: default; font-style: normal; font-weight: normal}
      h5 {align: left; font-size: 10pt; font-family: default; font-style: normal; font-weight: normal}
      h6 {align: left; font-size: 8pt; font-family: default; font-style: normal; font-weight: normal}
      object {align: left}
      table {align: center}
      .compact {padding: 0px}
    </style>
  </head>
  
  <body>
    <h1>Integration Error</h1>
    
    <object classid="mpl.Plot2D" height="400" id="plot" width="100%">
        </object>
    
    <hr/>
    
    <table width="100%">
      <tr><td width="33%">
          <object classid="Button" width="100%">
            <param name="label" value="Start"/>
            <param name="actions" value="{'clicked': 'integration_error.run'}"/>
          </object></td><td width="33%">
          <object classid="Button" id="stop" width="100%">
            <param name="toggle" value="True"/>
            <param name="label" value="Stop"/>
          </object>
        </td><td width="33%">
          <object classid="Button" width="100%">
            <param name="label" value="Clear"/>
            <param name="actions" value="{'clicked': 'integration_error.clear'}"/>
          </object></td></tr><tr><td>
          <h6>N min</h6>
          <object classid="NumBox" id="N_min" width="100%">
            <param name="digits" value="0"/>
            <param name="minimum" value="1"/>
          </object>
        </td><td>
          <h6>N max</h6>
          <object classid="NumBox" id="N_max" width="100%">
            <param name="digits" value="0"/>
            <param name="minimum" value="1"/>
          </object>
        </td><td>
          <h6>N multiplier</h6>
          <object classid="NumBox" id="N_multiplier" width="100%">
            <param name="digits" value="3"/>
            <param name="minimum" value="1"/>
          </object>
        </td></tr><tr><td colspan="3">
          <h6>algorithm</h6>
          <object classid="ChoiceButton" id="algorithm" width="100%">
            <param name="choices" value="['trapezoid rule', 'Simpsons rule', 'Monte Carlo']"/>
          </object>
        </td></tr>
    </table>
    <hr/>
    
    <object classid="TextIOBox" height="100" id="messages" width="100%">
        </object>
    
    <hr/>
    
    <object classid="Shell" height="200" id="shell" width="100%">
        </object>
    
    <object classid="ScriptLoader" width="0%">
      <param name="filename" value="integration_error"/>
      <param name="actions" value="{'initialized': 'integration_error.initialize'}"/>
    </object>
    
    <br/>
    
    <object classid="ParameterLoader" width="0%">
      <param name="filename" value="integration_error_defaults.txt"/>
    </object>
    
  </body>
</html>