<?xml version="1.0" encoding="UTF-8"?><!--  
Copyright 2012 - 2014 Brian R. D'Urso

This file is part of Python Instrument Control System, also known as Pythics. 

Pythics is free software: you can redistribute it and/or modify it under the terms of the GNU General Public License as published by the Free Software Foundation, either version 3 of the License, or (at your option) any later version. 

Pythics is distributed in the hope that it will be useful, but WITHOUT ANY WARRANTY; without even the implied warranty of MERCHANTABILITY or FITNESS FOR A PARTICULAR PURPOSE. See the GNU General Public License for more details. You should have received a copy of the GNU General Public License along with Pythics. If not, see <http://www.gnu.org/licenses/>.
--><html>
  <head>
    <title>Laplace</title>
    <style type="text/css">
      body {background-color: #eeeeee; margin: 10px; padding: 5px}
      a {align: left; color: black; font-size: 8pt; font-family: default; font-style: normal; font-weight: normal}
      p {align: left; color: black; font-size: 8pt; font-family: default; font-style: normal; font-weight: normal}
      h1 {align: center; font-size: 18pt; font-family: default; font-style: normal; font-weight: bold}
      h2 {align: left; font-size: 16pt; font-family: default; font-style: normal; font-weight: normal}
      h3 {align: left; font-size: 14pt; font-family: default; font-style: normal; font-weight: normal}
      h4 {align: left; font-size: 12pt; font-family: default; font-style: normal; font-weight: normal}
      h5 {align: left; font-size: 10pt; font-family: default; font-style: normal; font-weight: normal}
      h6 {align: left; font-size: 8pt; font-family: default; font-style: normal; font-weight: normal}
      object {align: left}
      table {align: center}
    </style>
  </head>
  
  <body>
    <h1>Laplace</h1>
    
    <object classid="mpl.Plot2D" height="500" id="plot_1" width="100%"/>
    
    <br/>
    
    <table width="100%">
      <tr><td width="33%">
          <object classid="Button" width="100%">
            <param name="label" value="Run"/>
            <param name="actions" value="{'clicked': 'laplace.run'}"/>
          </object>
        </td><td width="33%">
          <object classid="Button" id="stop" width="100%">
            <param name="toggle" value="True"/>
            <param name="label" value="Stop"/>
          </object></td><td width="33%">
          <object classid="Button" width="100%">
            <param name="label" value="Clear"/>
            <param name="actions" value="{'clicked': 'laplace.clear'}"/>
          </object></td></tr>
    </table>
    <hr/>
    
    <table width="100%">
      <tr><td>
          <h6>Nx spatial steps</h6>
          <object classid="NumBox" id="laplace_Nx" width="100%">
            <param name="digits" value="0"/>
            <param name="minimum" value="3"/>
          </object>
        </td><td>
          <h6>Ny spatial steps</h6>
          <object classid="NumBox" id="laplace_Ny" width="100%">
            <param name="digits" value="0"/>
            <param name="minimum" value="3"/>
          </object>
        </td><td>
          <h6>tolerance</h6>
          <object classid="NumBox" id="laplace_tolerance" width="100%">
            <param name="notation" value="scientific"/>
            <param name="digits" value="3"/>
            <param name="minimum" value="0"/>
          </object></td><td>
          <h6>over relaxation</h6>
          <object classid="NumBox" id="laplace_over_relaxation" width="100%">
            <param name="digits" value="6"/>
            <param name="minimum" value="0"/>
          </object>
        </td></tr>
      <tr><td>
          <h6>source 1 x position</h6>
          <object classid="NumBox" id="laplace_source_1_x" width="100%">
            <param name="digits" value="0"/>
            <param name="minimum" value="1"/>
          </object></td><td>
          <h6>source 1 y position</h6>
          <object classid="NumBox" id="laplace_source_1_y" width="100%">
            <param name="digits" value="0"/>
            <param name="minimum" value="3"/>
          </object></td><td>
          <h6>source 1 value</h6>
          <object classid="NumBox" id="laplace_source_1_value" width="100%">
            <param name="digits" value="6"/>
          </object>
        </td><td> 
                  </td></tr>
      <tr><td>
          <h6>source 2 x position</h6>
          <object classid="NumBox" id="laplace_source_2_x" width="100%">
            <param name="digits" value="0"/>
            <param name="minimum" value="1"/>
          </object></td><td>
          <h6>source 2 y position</h6>
          <object classid="NumBox" id="laplace_source_2_y" width="100%">
            <param name="digits" value="0"/>
            <param name="minimum" value="3"/>
          </object></td><td>
          <h6>source 2 value</h6>
          <object classid="NumBox" id="laplace_source_2_value" width="100%">
            <param name="digits" value="6"/>
          </object>
        </td><td> 
                  </td></tr>
    </table>
    <hr/>
    
    <object classid="TextIOBox" height="100" id="messages" width="100%">
        </object>
    
    <hr/>
    
    <object classid="Shell" height="200" id="shell" width="100%">
      <param name="actions" value="{'initialized': 'laplace.initialize_shell'}"/>
    </object>
    
    <br/>
    
    <object classid="ScriptLoader" width="0%">
      <param name="filename" value="laplace"/>
    </object>
    
    <object classid="ParameterLoader" width="0%">
      <param name="filename" value="laplace_defaults.txt"/>
    </object>
    
  </body>
</html>