<?xml version="1.0" encoding="UTF-8"?><!--  
Copyright 2012 - 2014 Brian R. D'Urso

This file is part of Python Instrument Control System, also known as Pythics. 

Pythics is free software: you can redistribute it and/or modify it under the terms of the GNU General Public License as published by the Free Software Foundation, either version 3 of the License, or (at your option) any later version. 

Pythics is distributed in the hope that it will be useful, but WITHOUT ANY WARRANTY; without even the implied warranty of MERCHANTABILITY or FITNESS FOR A PARTICULAR PURPOSE. See the GNU General Public License for more details. You should have received a copy of the GNU General Public License along with Pythics. If not, see <http://www.gnu.org/licenses/>.
--><html>
  <head>
    <title>Logistic Map</title>
    <style type="text/css">
      body {background-color: #eeeeee; margin: 10px; padding: 5px}
      a {align: left; color: black; font-size: 8pt; font-family: default; font-style: normal; font-weight: normal}
      p {align: left; color: black; font-size: 16pt; font-family: default; font-style: normal; font-weight: normal}
      h1 {align: center; font-size: 18pt; font-family: default; font-style: normal; font-weight: bold}
      h2 {align: left; font-size: 16pt; font-family: default; font-style: normal; font-weight: normal}
      h3 {align: left; font-size: 14pt; font-family: default; font-style: normal; font-weight: normal}
      h4 {align: left; font-size: 12pt; font-family: default; font-style: normal; font-weight: normal}
      h5 {align: left; font-size: 10pt; font-family: default; font-style: normal; font-weight: normal}
      h6 {align: left; font-size: 8pt; font-family: default; font-style: normal; font-weight: normal}
      object {align: left}
      table {align: center}
      .compact {padding: 0px}
    </style>
  </head>
  
  <body>
    <h1>Logistic Map</h1>
    
    <object classid="mpl.Plot2D" height="450" id="plot_1" width="50%"/>
    
    <object classid="mpl.Plot2D" height="450" id="plot_2" width="50%"/>
    
    <hr/>
    
    <table width="100%">
      <tr><td colspan="2">
          <object classid="Button" id="stop" width="100%">
            <param name="toggle" value="True"/>
            <param name="label" value="Stop"/>
          </object>
        </td><td colspan="2">
          <object classid="Button" width="100%">
            <param name="label" value="Clear"/>
            <param name="actions" value="{'clicked': 'logistic_map.clear'}"/>
          </object>
        </td></tr><tr><td width="25%"><h6>x0</h6>
          <object classid="NumBox" id="single_x0" width="100%">
            <param name="digits" value="6"/>
            <param name="minimum" value="0"/>
          </object>
        </td><td width="25%"><h6>mu</h6>
          <object classid="NumBox" id="single_mu" width="100%">
            <param name="digits" value="6"/>
            <param name="minimum" value="0"/>
          </object>
        </td><td width="25%"><h6>N</h6>
          <object classid="NumBox" id="single_N" width="100%">
            <param name="digits" value="0"/>
            <param name="minimum" value="1"/>
          </object>
        </td><td width="25%">
          <object classid="Button" width="100%">
            <param name="label" value="Single Run"/>
            <param name="actions" value="{'clicked': 'logistic_map.run_single'}"/>
          </object>
        </td></tr>
    </table>
    <hr/>
    
    <table width="100%">
      <tr><td>
          <h6>initial mu</h6>
          <object classid="NumBox" id="multiple_mu_initial" width="100%">
            <param name="digits" value="6"/>
            <param name="minimum" value="0"/>
          </object>
        </td><td>
          <h6>final mu</h6>
          <object classid="NumBox" id="multiple_mu_final" width="100%">
            <param name="digits" value="6"/>
            <param name="minimum" value="0"/>
          </object>
        </td><td>
          <h6>mu N steps</h6>
          <object classid="NumBox" id="multiple_mu_N_steps" width="100%">
            <param name="digits" value="0"/>
            <param name="minimum" value="1"/>
          </object>
        </td><td>
          <object classid="Button" width="100%">
            <param name="label" value="Multiple Run"/>
            <param name="actions" value="{'clicked': 'logistic_map.run_multiple'}"/>
          </object>
        </td></tr><tr><td>
          <h6>N total</h6>
          <object classid="NumBox" id="multiple_N_total" width="100%">
            <param name="digits" value="0"/>
            <param name="minimum" value="1"/>
          </object>
        </td><td>
          <h6>N used</h6>
          <object classid="NumBox" id="multiple_N_used" width="100%">
            <param name="digits" value="0"/>
            <param name="minimum" value="1"/>
          </object>
        </td><td>
          <h6>N bins</h6>
          <object classid="NumBox" id="multiple_N_bins" width="100%">
            <param name="digits" value="0"/>
            <param name="minimum" value="1"/>
          </object>
        </td><td>
          <h6>x0</h6>
          <object classid="NumBox" id="multiple_x0" width="100%">
            <param name="digits" value="6"/>
            <param name="minimum" value="0"/>
          </object>
        </td></tr>
    </table>
    <hr/>
    
    <object classid="TextIOBox" height="100" id="messages" width="100%"/>
    
    <hr/>
    
    <object classid="Shell" height="200" id="shell" width="100%"/>
    
    <object classid="ScriptLoader" width="0%">
      <param name="filename" value="logistic_map"/>
      <param name="actions" value="{'initialized': 'logistic_map.initialize'}"/>
    </object>
    
    <br/>
    
    <object classid="ParameterLoader" width="0%">
      <param name="filename" value="logistic_map_defaults.txt"/>
    </object>
    
  </body>
</html>