<?xml version="1.0" encoding="UTF-8"?><!--  
Copyright 2012 - 2014 Brian R. D'Urso

This file is part of Python Instrument Control System, also known as Pythics. 

Pythics is free software: you can redistribute it and/or modify it under the terms of the GNU General Public License as published by the Free Software Foundation, either version 3 of the License, or (at your option) any later version. 

Pythics is distributed in the hope that it will be useful, but WITHOUT ANY WARRANTY; without even the implied warranty of MERCHANTABILITY or FITNESS FOR A PARTICULAR PURPOSE. See the GNU General Public License for more details. You should have received a copy of the GNU General Public License along with Pythics. If not, see <http://www.gnu.org/licenses/>.
--><html>
  <head>
    <title>N Particles in a Box</title>
    <style type="text/css">
      body {background-color: #eeeeee; margin: 10px; padding: 5px}
      a {align: left; color: black; font-size: 8pt; font-family: default; font-style: normal; font-weight: normal}
      p {align: left; color: black; font-size: 16pt; font-family: default; font-style: normal; font-weight: normal}
      h1 {align: center; font-size: 18pt; font-family: default; font-style: normal; font-weight: bold}
      h2 {align: left; font-size: 16pt; font-family: default; font-style: normal; font-weight: normal}
      h3 {align: left; font-size: 14pt; font-family: default; font-style: normal; font-weight: normal}
      h4 {align: left; font-size: 12pt; font-family: default; font-style: normal; font-weight: normal}
      h5 {align: left; font-size: 10pt; font-family: default; font-style: normal; font-weight: normal}
      h6 {align: left; font-size: 8pt; font-family: default; font-style: normal; font-weight: normal}
      object {align: left}
      table {align: center}
      .compact {padding: 0px}
    </style></head>
  
  <body>
    <h1>ODE Solver: N Particles in a Box</h1>
    
    <object classid="mpl.Plot2D" height="500" id="plot_1" width="100%"/>
    
    <hr/>
    
    <table width="100%">
      <tr><td width="25%">
          <object classid="Button" width="100%">
            <param name="label" value="Run"/>
            <param name="actions" value="{'clicked': 'ODE_N_particles.run'}"/>
          </object></td><td width="25%">
          <object classid="Button" id="stop" width="100%">
            <param name="toggle" value="True"/>
            <param name="label" value="Stop"/>
          </object>
        </td><td width="25%">
          <object classid="Button" width="100%">
            <param name="label" value="Clear"/>
            <param name="actions" value="{'clicked': 'ODE_N_particles.clear'}"/>
          </object></td></tr><tr><td>
          <h6>dt</h6>
          <object classid="NumBox" id="prob_dt" width="100%">
            <param name="digits" value="6"/>
            <param name="minimum" value="0"/>
          </object>
        </td><td>
          <h6>dt per update</h6>
          <object classid="NumBox" id="dt_per_update" width="100%">
            <param name="digits" value="2"/>
            <param name="minimum" value="0"/>
          </object>
        </td><td>
          <h6>algorithm</h6>
          <object classid="ChoiceButton" id="algorithm" width="100%">
            <param name="choices" value="['Euler', 'Euler_symplectic', 'velocity_Verlet', 'RK2', 'RK4']"/>
          </object>
        </td></tr><tr><td>
          <h6>box m</h6>
          <object classid="NumBox" id="prob_m" width="100%">
            <param name="digits" value="0"/>
            <param name="minimum" value="0"/>
          </object>
        </td><td>
          <h6>epsilon</h6>
          <object classid="NumBox" id="prob_epsilon" width="100%">
            <param name="digits" value="6"/>
          </object>
        </td><td>
          <h6>zero interaction radius</h6>
          <object classid="NumBox" id="prob_r_zero" width="100%">
            <param name="digits" value="6"/>
          </object>
        </td></tr><tr><td>
          <h6>N particles</h6>
          <object classid="NumBox" id="prob_N_particles" width="100%">
            <param name="digits" value="0"/>
            <param name="minimum" value="1"/>
          </object>
        </td><td>
          <h6>max initial v</h6>
          <object classid="NumBox" id="prob_v_max" width="100%">
            <param name="digits" value="6"/>
          </object>
        </td><td>
          <h6>gravitational acceleration</h6>
          <object classid="NumBox" id="prob_g" width="100%">
            <param name="digits" value="6"/>
          </object>
        </td></tr>
    </table>
    <hr/>
    
    <object classid="TextIOBox" height="100" id="messages" width="100%"/>
    
    <hr/>
    
    <object classid="Shell" height="200" id="shell" width="100%"/>
    
    <object classid="ScriptLoader" width="0%">
      <param name="filename" value="ODE_N_particles"/>
      <param name="actions" value="{'initialized': 'ODE_N_particles.initialize'}"/>
    </object>
    
    <br/>
    
    <object classid="ParameterLoader" width="0%">
      <param name="filename" value="ODE_N_particles_defaults.txt"/>
    </object>
    
  </body>
</html>